INSERT INTO HOTEL(HID,HName,CIDate,CODate,HAddress) 
VALUES
('001','XUANTHUY','2026-05-24 07:00:00','2026-05-28 09:00:00','HANOI'),
('002','THUNGA','2026-05-24 10:00:00','2026-05-28 12:00:00','HAIPHONG'),
('006','DINHMENH','2026-05-25 12:00:00','2026-05-30 15:00:00','NAMDINH'),
('009','NGOISAO','2026-05-29 17:00:00','2026-06-02 10:00:00','THANHHOA');

INSERT INTO TOUR(TID,TName,Price,SDate,EDate,HID)
VALUES
('00234','MuaHeNongBong',9000000,'2026-05-24','2026-05-28','001'),
('00235','MuaHeLangMan',12000000,'2026-05-24','2026-05-28','002'),
('00237','MuaHeSoiDong',5000000,'2026-05-25','2026-05-30','006'),
('00239','MuaHeDangNho',15000000,'2026-05-29','2026-06-02','009');

INSERT INTO AGENCY(AID,APN,AAddress) 
VALUES
('123','0982673626','HANOI'),
('124','0651427364','HAIPHONG'),
('125','0982763546','NAMDINH'),
('126','0761528374','THANHHOA');

INSERT INTO CUSTOMER(CID,CName,CAddress,CPN) 
VALUES
('000012','lUUDUYMANH','HANOI','0971625343'),
('000013','NGUYENTIENANH','HOABINH','0979175343'),
('000014','HOANGVIETPHUONG','HAIPHONG','0971816223'),
('000015','PHUNGTHANHDO','CAOBANG','0971691531');

INSERT INTO RECEIPT(RID,RDate,SumR,CID,AID) 
VALUES
('0000121','2026-05-24',36000000,'000012','123'),
('0000122','2026-05-24',48000000,'000013','124'),
('0000123','2026-05-25',35000000,'000014','125'),
('0000124','2026-05-29',60000000,'000015','126');

INSERT INTO TOURGUIDE(TGID,TGName,TGPN,AID) 
VALUES
('12345','KHÁ BẢNH',0972416253,'123'),
('12346','HUẤN HOA HỒNG',0972018253,'124'),
('12347','KHÁNH SKY',0977765253,'125'),
('12348','HẢI BÁNH',0972009153,'126');

INSERT INTO SALARY(SIDTG,TGS,TGID) 
VALUES
('11111',10000000,'12345'),
('11112',11000000,'12346'),
('11113',12000000,'12347'),
('11114',13000000,'12348');

INSERT INTO TLOCATION(LID,LName,Province) 
VALUES
('01','HOHOANKIEM','HANOI'),
('02','DOSON','HAIPHONG'),
('03','CHUADEN','NAMDINH'),
('04','SAMSON','THANHHOA');

INSERT INTO VEHICLE(LicensePlate, VType) 
VALUES
('29D9876','XE 12 CHO'),
('15A8152','XE 10 CHO'),
('18F0918','XE 17 CHO'),
('36U6171','XE 36 CHO');

INSERT INTO GOBY(TID,LicensePlate) 
VALUES
('00234','29D9876'),
('00235','15A8152'),
('00237','18F0918'),
('00239','36U6171');

INSERT INTO COME(TID,LID) 
VALUES
('00234','01'),
('00235','02'),
('00237','03'),
('00239','04');

INSERT INTO ASSIGN(TID,TGID) 
VALUES
('00234','12345'),
('00235','12346'),
('00237','12347'),
('00239','12348');

INSERT INTO BOOKING(TID,CID) 
VALUES
('00234','000012'),
('00235','000013'),
('00237','000014'),
('00239','000015');
